<?xml version="1.0" encoding="ISO-8859-1"?>
<!DOCTYPE ResultList SYSTEM "IOFdata.dtd">

<ResultList status="snapshot">
  <IOFVersion version="2.0.3" />

  <EventId type="int" idManager="IOF">WC1</EventId>
 
  <ClassResult>
    <ClassShortName>Men</ClassShortName>

    <PersonResult>
      <PersonId>101</PersonId>
      <Result>
        <Time>27:52.5</Time>
        <ResultPosition>17</ResultPosition>
        <CompetitorStatus value="OK"/>
        <SplitTime sequence="1">
          <ControlCode>31</ControlCode>
          <Time>2:21</Time>
        </SplitTime>
        <SplitTime sequence="2">
          <ControlCode>33</ControlCode>
          <Time>4:52</Time>
        </SplitTime>
        <SplitTime sequence="3">
          <ControlCode>34</ControlCode>
          <Time>5:23</Time>
        </SplitTime>
        <SplitTime sequence="4">
          <ControlCode>38</ControlCode>
          <Time>8:54</Time>
        </SplitTime>
        <SplitTime sequence="5">
          <ControlCode>42</ControlCode>
          <Time>10:11</Time>
        </SplitTime>
        <SplitTime sequence="6">
          <ControlCode>43</ControlCode>
          <Time>10:34</Time>
        </SplitTime>
        <SplitTime sequence="7">
          <ControlCode>46</ControlCode>
          <Time>13:47</Time>
        </SplitTime>
        <SplitTime sequence="8">
          <ControlCode>40</ControlCode>
          <Time>19:17</Time>
        </SplitTime>
        <SplitTime sequence="9">
          <ControlCode>35</ControlCode>
          <Time>24:32</Time>
        </SplitTime>
        <SplitTime sequence="10">
          <ControlCode>100</ControlCode>
          <Time>26:49</Time>
        </SplitTime>
        <SplitTime sequence="11">
          <ControlCode>300</ControlCode>
          <Time>37:52.5</Time>
        </SplitTime>
      </Result>
    </PersonResult>

    <PersonResult>
      <PersonId>120</PersonId>
      <Result>
        <Time>28:05.4</Time>
        <ResultPosition>18</ResultPosition>
        <CompetitorStatus value="OK"/>
        <SplitTime sequence="1">
          <ControlCode>31</ControlCode>
          <Time>2:21</Time>
        </SplitTime>
        <SplitTime sequence="2">
          <ControlCode>33</ControlCode>
          <Time>4:52</Time>
        </SplitTime>
        <SplitTime sequence="3">
          <ControlCode>34</ControlCode>
          <Time>5:23</Time>
        </SplitTime>
        <SplitTime sequence="4">
          <ControlCode>38</ControlCode>
          <Time>8:54</Time>
        </SplitTime>
        <SplitTime sequence="5">
          <ControlCode>42</ControlCode>
          <Time>10:11</Time>
        </SplitTime>
        <SplitTime sequence="6">
          <ControlCode>43</ControlCode>
          <Time>10:34</Time>
        </SplitTime>
        <SplitTime sequence="7">
          <ControlCode>46</ControlCode>
          <Time>13:33</Time>
        </SplitTime>
        <SplitTime sequence="8">
          <ControlCode>40</ControlCode>
          <Time>19:17</Time>
        </SplitTime>
        <SplitTime sequence="9">
          <ControlCode>35</ControlCode>
          <Time>24:32</Time>
        </SplitTime>
        <SplitTime sequence="10">
          <ControlCode>100</ControlCode>
          <Time>26:49</Time>
        </SplitTime>
        <SplitTime sequence="11">
          <ControlCode>300</ControlCode>
          <Time>38:05.4</Time>
        </SplitTime>
      </Result>
    </PersonResult>

    <PersonResult>
      <PersonId>102</PersonId>
      <Result>
        <Time>26:10.0</Time>
        <ResultPosition>3</ResultPosition>
        <CompetitorStatus value="OK"/>
        <SplitTime sequence="1">
          <ControlCode>31</ControlCode>
          <Time>2:21</Time>
        </SplitTime>
        <SplitTime sequence="2">
          <ControlCode>33</ControlCode>
          <Time>4:52</Time>
        </SplitTime>
        <SplitTime sequence="3">
          <ControlCode>34</ControlCode>
          <Time>5:23</Time>
        </SplitTime>
        <SplitTime sequence="4">
          <ControlCode>38</ControlCode>
          <Time>8:54</Time>
        </SplitTime>
        <SplitTime sequence="5">
          <ControlCode>42</ControlCode>
          <Time>10:11</Time>
        </SplitTime>
        <SplitTime sequence="6">
          <ControlCode>43</ControlCode>
          <Time>10:34</Time>
        </SplitTime>
        <SplitTime sequence="7">
          <ControlCode>46</ControlCode>
          <Time>13:45</Time>
        </SplitTime>
        <SplitTime sequence="8">
          <ControlCode>40</ControlCode>
          <Time>19:17</Time>
        </SplitTime>
        <SplitTime sequence="9">
          <ControlCode>35</ControlCode>
          <Time>24:32</Time>
        </SplitTime>
        <SplitTime sequence="10">
          <ControlCode>100</ControlCode>
          <Time>26:49</Time>
        </SplitTime>
        <SplitTime sequence="11">
          <ControlCode>300</ControlCode>
          <Time>36:10.0</Time>
        </SplitTime>
      </Result>
    </PersonResult>

    <PersonResult>
      <PersonId>121</PersonId>
      <Result>
        <Time>26:28.8</Time>
        <ResultPosition>6</ResultPosition>
        <CompetitorStatus value="OK"/>
        <SplitTime sequence="1">
          <ControlCode>31</ControlCode>
          <Time>2:21</Time>
        </SplitTime>
        <SplitTime sequence="2">
          <ControlCode>33</ControlCode>
          <Time>4:52</Time>
        </SplitTime>
        <SplitTime sequence="3">
          <ControlCode>34</ControlCode>
          <Time>5:23</Time>
        </SplitTime>
        <SplitTime sequence="4">
          <ControlCode>38</ControlCode>
          <Time>8:54</Time>
        </SplitTime>
        <SplitTime sequence="5">
          <ControlCode>42</ControlCode>
          <Time>10:11</Time>
        </SplitTime>
        <SplitTime sequence="6">
          <ControlCode>43</ControlCode>
          <Time>10:34</Time>
        </SplitTime>
        <SplitTime sequence="7">
          <ControlCode>46</ControlCode>
          <Time>13:34</Time>
        </SplitTime>
        <SplitTime sequence="8">
          <ControlCode>40</ControlCode>
          <Time>19:17</Time>
        </SplitTime>
        <SplitTime sequence="9">
          <ControlCode>35</ControlCode>
          <Time>24:32</Time>
        </SplitTime>
        <SplitTime sequence="10">
          <ControlCode>100</ControlCode>
          <Time>26:49</Time>
        </SplitTime>
        <SplitTime sequence="11">
          <ControlCode>300</ControlCode>
          <Time>36:28.8</Time>
        </SplitTime>
      </Result>
    </PersonResult>

    <PersonResult>
      <PersonId>103</PersonId>
      <Result>
        <Time>28:35.7</Time>
        <ResultPosition>21</ResultPosition>
        <CompetitorStatus value="OK"/>
        <SplitTime sequence="1">
          <ControlCode>31</ControlCode>
          <Time>2:21</Time>
        </SplitTime>
        <SplitTime sequence="2">
          <ControlCode>33</ControlCode>
          <Time>4:52</Time>
        </SplitTime>
        <SplitTime sequence="3">
          <ControlCode>34</ControlCode>
          <Time>5:23</Time>
        </SplitTime>
        <SplitTime sequence="4">
          <ControlCode>38</ControlCode>
          <Time>8:54</Time>
        </SplitTime>
        <SplitTime sequence="5">
          <ControlCode>42</ControlCode>
          <Time>10:11</Time>
        </SplitTime>
        <SplitTime sequence="6">
          <ControlCode>43</ControlCode>
          <Time>10:34</Time>
        </SplitTime>
        <SplitTime sequence="7">
          <ControlCode>46</ControlCode>
          <Time>15:20</Time>
        </SplitTime>
        <SplitTime sequence="8">
          <ControlCode>40</ControlCode>
          <Time>19:17</Time>
        </SplitTime>
        <SplitTime sequence="9">
          <ControlCode>35</ControlCode>
          <Time>24:32</Time>
        </SplitTime>
        <SplitTime sequence="10">
          <ControlCode>100</ControlCode>
          <Time>26:49</Time>
        </SplitTime>
        <SplitTime sequence="11">
          <ControlCode>300</ControlCode>
          <Time>38:35.7</Time>
        </SplitTime>
      </Result>
    </PersonResult>

    <PersonResult>
      <PersonId>140</PersonId>
      <Result>
        <CompetitorStatus value="Active"/>
        <SplitTime sequence="7">
          <ControlCode>46</ControlCode>
          <Time>14:12</Time>
        </SplitTime>
      </Result>
    </PersonResult>

    <PersonResult>
      <PersonId>122</PersonId>
      <Result>
        <Time>26:55.0</Time>
        <ResultPosition>8</ResultPosition>
        <CompetitorStatus value="OK"/>
        <SplitTime sequence="1">
          <ControlCode>31</ControlCode>
          <Time>2:21</Time>
        </SplitTime>
        <SplitTime sequence="2">
          <ControlCode>33</ControlCode>
          <Time>4:52</Time>
        </SplitTime>
        <SplitTime sequence="3">
          <ControlCode>34</ControlCode>
          <Time>5:23</Time>
        </SplitTime>
        <SplitTime sequence="4">
          <ControlCode>38</ControlCode>
          <Time>8:54</Time>
        </SplitTime>
        <SplitTime sequence="5">
          <ControlCode>42</ControlCode>
          <Time>10:11</Time>
        </SplitTime>
        <SplitTime sequence="6">
          <ControlCode>43</ControlCode>
          <Time>10:34</Time>
        </SplitTime>
        <SplitTime sequence="7">
          <ControlCode>46</ControlCode>
          <Time>14:14</Time>
        </SplitTime>
        <SplitTime sequence="8">
          <ControlCode>40</ControlCode>
          <Time>19:17</Time>
        </SplitTime>
        <SplitTime sequence="9">
          <ControlCode>35</ControlCode>
          <Time>24:32</Time>
        </SplitTime>
        <SplitTime sequence="10">
          <ControlCode>100</ControlCode>
          <Time>26:49</Time>
        </SplitTime>
        <SplitTime sequence="11">
          <ControlCode>300</ControlCode>
          <Time>36:55.0</Time>
        </SplitTime>
      </Result>
    </PersonResult>

    <PersonResult>
      <PersonId>104</PersonId>
      <Result>
        <Time>27:40.1</Time>
        <ResultPosition>16</ResultPosition>
        <CompetitorStatus value="OK"/>
        <SplitTime sequence="1">
          <ControlCode>31</ControlCode>
          <Time>2:21</Time>
        </SplitTime>
        <SplitTime sequence="2">
          <ControlCode>33</ControlCode>
          <Time>4:52</Time>
        </SplitTime>
        <SplitTime sequence="3">
          <ControlCode>34</ControlCode>
          <Time>5:23</Time>
        </SplitTime>
        <SplitTime sequence="4">
          <ControlCode>38</ControlCode>
          <Time>8:54</Time>
        </SplitTime>
        <SplitTime sequence="5">
          <ControlCode>42</ControlCode>
          <Time>10:11</Time>
        </SplitTime>
        <SplitTime sequence="6">
          <ControlCode>43</ControlCode>
          <Time>10:34</Time>
        </SplitTime>
        <SplitTime sequence="7">
          <ControlCode>46</ControlCode>
          <Time>14:17</Time>
        </SplitTime>
        <SplitTime sequence="8">
          <ControlCode>40</ControlCode>
          <Time>19:17</Time>
        </SplitTime>
        <SplitTime sequence="9">
          <ControlCode>35</ControlCode>
          <Time>24:32</Time>
        </SplitTime>
        <SplitTime sequence="10">
          <ControlCode>100</ControlCode>
          <Time>26:49</Time>
        </SplitTime>
        <SplitTime sequence="11">
          <ControlCode>300</ControlCode>
          <Time>37:40.1</Time>
        </SplitTime>
      </Result>
    </PersonResult>

    <PersonResult>
      <PersonId>123</PersonId>
      <Result>
        <Time>27:28.3</Time>
        <ResultPosition>15</ResultPosition>
        <CompetitorStatus value="OK"/>
        <SplitTime sequence="1">
          <ControlCode>31</ControlCode>
          <Time>2:21</Time>
        </SplitTime>
        <SplitTime sequence="2">
          <ControlCode>33</ControlCode>
          <Time>4:52</Time>
        </SplitTime>
        <SplitTime sequence="3">
          <ControlCode>34</ControlCode>
          <Time>5:23</Time>
        </SplitTime>
        <SplitTime sequence="4">
          <ControlCode>38</ControlCode>
          <Time>8:54</Time>
        </SplitTime>
        <SplitTime sequence="5">
          <ControlCode>42</ControlCode>
          <Time>10:11</Time>
        </SplitTime>
        <SplitTime sequence="6">
          <ControlCode>43</ControlCode>
          <Time>10:34</Time>
        </SplitTime>
        <SplitTime sequence="7">
          <ControlCode>46</ControlCode>
          <Time>13:55</Time>
        </SplitTime>
        <SplitTime sequence="8">
          <ControlCode>40</ControlCode>
          <Time>19:17</Time>
        </SplitTime>
        <SplitTime sequence="9">
          <ControlCode>35</ControlCode>
          <Time>24:32</Time>
        </SplitTime>
        <SplitTime sequence="10">
          <ControlCode>100</ControlCode>
          <Time>26:49</Time>
        </SplitTime>
        <SplitTime sequence="11">
          <ControlCode>300</ControlCode>
          <Time>37:28.3</Time>
        </SplitTime>
      </Result>
    </PersonResult>

    <PersonResult>
      <PersonId>105</PersonId>
      <Result>
        <Time>28:22.2</Time>
        <ResultPosition>20</ResultPosition>
        <CompetitorStatus value="OK"/>
        <SplitTime sequence="1">
          <ControlCode>31</ControlCode>
          <Time>2:21</Time>
        </SplitTime>
        <SplitTime sequence="2">
          <ControlCode>33</ControlCode>
          <Time>4:52</Time>
        </SplitTime>
        <SplitTime sequence="3">
          <ControlCode>34</ControlCode>
          <Time>5:23</Time>
        </SplitTime>
        <SplitTime sequence="4">
          <ControlCode>38</ControlCode>
          <Time>8:54</Time>
        </SplitTime>
        <SplitTime sequence="5">
          <ControlCode>42</ControlCode>
          <Time>10:11</Time>
        </SplitTime>
        <SplitTime sequence="6">
          <ControlCode>43</ControlCode>
          <Time>10:34</Time>
        </SplitTime>
        <SplitTime sequence="7">
          <ControlCode>46</ControlCode>
          <Time>13:16</Time>
        </SplitTime>
        <SplitTime sequence="8">
          <ControlCode>40</ControlCode>
          <Time>19:17</Time>
        </SplitTime>
        <SplitTime sequence="9">
          <ControlCode>35</ControlCode>
          <Time>24:32</Time>
        </SplitTime>
        <SplitTime sequence="10">
          <ControlCode>100</ControlCode>
          <Time>26:49</Time>
        </SplitTime>
        <SplitTime sequence="11">
          <ControlCode>300</ControlCode>
          <Time>38:22.2</Time>
        </SplitTime>
      </Result>
    </PersonResult>

    <PersonResult>
      <PersonId>124</PersonId>
      <Result>
        <Time>27:17.0</Time>
        <ResultPosition>10</ResultPosition>
        <CompetitorStatus value="OK"/>
        <SplitTime sequence="1">
          <ControlCode>31</ControlCode>
          <Time>2:21</Time>
        </SplitTime>
        <SplitTime sequence="2">
          <ControlCode>33</ControlCode>
          <Time>4:52</Time>
        </SplitTime>
        <SplitTime sequence="3">
          <ControlCode>34</ControlCode>
          <Time>5:23</Time>
        </SplitTime>
        <SplitTime sequence="4">
          <ControlCode>38</ControlCode>
          <Time>8:54</Time>
        </SplitTime>
        <SplitTime sequence="5">
          <ControlCode>42</ControlCode>
          <Time>10:11</Time>
        </SplitTime>
        <SplitTime sequence="6">
          <ControlCode>43</ControlCode>
          <Time>10:34</Time>
        </SplitTime>
        <SplitTime sequence="7">
          <ControlCode>46</ControlCode>
          <Time>14:02</Time>
        </SplitTime>
        <SplitTime sequence="8">
          <ControlCode>40</ControlCode>
          <Time>19:17</Time>
        </SplitTime>
        <SplitTime sequence="9">
          <ControlCode>35</ControlCode>
          <Time>24:32</Time>
        </SplitTime>
        <SplitTime sequence="10">
          <ControlCode>100</ControlCode>
          <Time>26:49</Time>
        </SplitTime>
        <SplitTime sequence="11">
          <ControlCode>300</ControlCode>
          <Time>37:17.0</Time>
        </SplitTime>
      </Result>
    </PersonResult>

    <PersonResult>
      <PersonId>106</PersonId>
      <Result>
        <Time>29:10.9</Time>
        <ResultPosition>26</ResultPosition>
        <CompetitorStatus value="OK"/>
        <SplitTime sequence="1">
          <ControlCode>31</ControlCode>
          <Time>2:21</Time>
        </SplitTime>
        <SplitTime sequence="2">
          <ControlCode>33</ControlCode>
          <Time>4:52</Time>
        </SplitTime>
        <SplitTime sequence="3">
          <ControlCode>34</ControlCode>
          <Time>5:23</Time>
        </SplitTime>
        <SplitTime sequence="4">
          <ControlCode>38</ControlCode>
          <Time>8:54</Time>
        </SplitTime>
        <SplitTime sequence="5">
          <ControlCode>42</ControlCode>
          <Time>10:11</Time>
        </SplitTime>
        <SplitTime sequence="6">
          <ControlCode>43</ControlCode>
          <Time>10:34</Time>
        </SplitTime>
        <SplitTime sequence="7">
          <ControlCode>46</ControlCode>
          <Time>13:28</Time>
        </SplitTime>
        <SplitTime sequence="8">
          <ControlCode>40</ControlCode>
          <Time>19:17</Time>
        </SplitTime>
        <SplitTime sequence="9">
          <ControlCode>35</ControlCode>
          <Time>24:32</Time>
        </SplitTime>
        <SplitTime sequence="10">
          <ControlCode>100</ControlCode>
          <Time>26:49</Time>
        </SplitTime>
        <SplitTime sequence="11">
          <ControlCode>300</ControlCode>
          <Time>39:10.9</Time>
        </SplitTime>
      </Result>
    </PersonResult>

    <PersonResult>
      <PersonId>125</PersonId>
      <Result>
        <Time>29:11.3</Time>
        <ResultPosition>27</ResultPosition>
        <CompetitorStatus value="OK"/>
        <SplitTime sequence="1">
          <ControlCode>31</ControlCode>
          <Time>2:21</Time>
        </SplitTime>
        <SplitTime sequence="2">
          <ControlCode>33</ControlCode>
          <Time>4:52</Time>
        </SplitTime>
        <SplitTime sequence="3">
          <ControlCode>34</ControlCode>
          <Time>5:23</Time>
        </SplitTime>
        <SplitTime sequence="4">
          <ControlCode>38</ControlCode>
          <Time>8:54</Time>
        </SplitTime>
        <SplitTime sequence="5">
          <ControlCode>42</ControlCode>
          <Time>10:11</Time>
        </SplitTime>
        <SplitTime sequence="6">
          <ControlCode>43</ControlCode>
          <Time>10:34</Time>
        </SplitTime>
        <SplitTime sequence="7">
          <ControlCode>46</ControlCode>
          <Time>13:59</Time>
        </SplitTime>
        <SplitTime sequence="8">
          <ControlCode>40</ControlCode>
          <Time>19:17</Time>
        </SplitTime>
        <SplitTime sequence="9">
          <ControlCode>35</ControlCode>
          <Time>24:32</Time>
        </SplitTime>
        <SplitTime sequence="10">
          <ControlCode>100</ControlCode>
          <Time>26:49</Time>
        </SplitTime>
        <SplitTime sequence="11">
          <ControlCode>300</ControlCode>
          <Time>39:11.3</Time>
        </SplitTime>
      </Result>
    </PersonResult>

    <PersonResult>
      <PersonId>107</PersonId>
      <Result>
        <Time>28:17.2</Time>
        <ResultPosition>19</ResultPosition>
        <CompetitorStatus value="OK"/>
        <SplitTime sequence="1">
          <ControlCode>31</ControlCode>
          <Time>2:21</Time>
        </SplitTime>
        <SplitTime sequence="2">
          <ControlCode>33</ControlCode>
          <Time>4:52</Time>
        </SplitTime>
        <SplitTime sequence="3">
          <ControlCode>34</ControlCode>
          <Time>5:23</Time>
        </SplitTime>
        <SplitTime sequence="4">
          <ControlCode>38</ControlCode>
          <Time>8:54</Time>
        </SplitTime>
        <SplitTime sequence="5">
          <ControlCode>42</ControlCode>
          <Time>10:11</Time>
        </SplitTime>
        <SplitTime sequence="6">
          <ControlCode>43</ControlCode>
          <Time>10:34</Time>
        </SplitTime>
        <SplitTime sequence="7">
          <ControlCode>46</ControlCode>
          <Time>13:48</Time>
        </SplitTime>
        <SplitTime sequence="8">
          <ControlCode>40</ControlCode>
          <Time>19:17</Time>
        </SplitTime>
        <SplitTime sequence="9">
          <ControlCode>35</ControlCode>
          <Time>24:32</Time>
        </SplitTime>
        <SplitTime sequence="10">
          <ControlCode>100</ControlCode>
          <Time>26:49</Time>
        </SplitTime>
        <SplitTime sequence="11">
          <ControlCode>300</ControlCode>
          <Time>38:17.2</Time>
        </SplitTime>
      </Result>
    </PersonResult>

    <PersonResult>
      <PersonId>126</PersonId>
      <Result>
        <Time>27:28.1</Time>
        <ResultPosition>14</ResultPosition>
        <CompetitorStatus value="OK"/>
        <SplitTime sequence="1">
          <ControlCode>31</ControlCode>
          <Time>2:21</Time>
        </SplitTime>
        <SplitTime sequence="2">
          <ControlCode>33</ControlCode>
          <Time>4:52</Time>
        </SplitTime>
        <SplitTime sequence="3">
          <ControlCode>34</ControlCode>
          <Time>5:23</Time>
        </SplitTime>
        <SplitTime sequence="4">
          <ControlCode>38</ControlCode>
          <Time>8:54</Time>
        </SplitTime>
        <SplitTime sequence="5">
          <ControlCode>42</ControlCode>
          <Time>10:11</Time>
        </SplitTime>
        <SplitTime sequence="6">
          <ControlCode>43</ControlCode>
          <Time>10:34</Time>
        </SplitTime>
        <SplitTime sequence="7">
          <ControlCode>46</ControlCode>
          <Time>13:25</Time>
        </SplitTime>
        <SplitTime sequence="8">
          <ControlCode>40</ControlCode>
          <Time>19:17</Time>
        </SplitTime>
        <SplitTime sequence="9">
          <ControlCode>35</ControlCode>
          <Time>24:32</Time>
        </SplitTime>
        <SplitTime sequence="10">
          <ControlCode>100</ControlCode>
          <Time>26:49</Time>
        </SplitTime>
        <SplitTime sequence="11">
          <ControlCode>300</ControlCode>
          <Time>37:28.1</Time>
        </SplitTime>
      </Result>
    </PersonResult>

    <PersonResult>
      <PersonId>108</PersonId>
      <Result>
        <Time>29:06.8</Time>
        <ResultPosition>25</ResultPosition>
        <CompetitorStatus value="OK"/>
        <SplitTime sequence="1">
          <ControlCode>31</ControlCode>
          <Time>2:21</Time>
        </SplitTime>
        <SplitTime sequence="2">
          <ControlCode>33</ControlCode>
          <Time>4:52</Time>
        </SplitTime>
        <SplitTime sequence="3">
          <ControlCode>34</ControlCode>
          <Time>5:23</Time>
        </SplitTime>
        <SplitTime sequence="4">
          <ControlCode>38</ControlCode>
          <Time>8:54</Time>
        </SplitTime>
        <SplitTime sequence="5">
          <ControlCode>42</ControlCode>
          <Time>10:11</Time>
        </SplitTime>
        <SplitTime sequence="6">
          <ControlCode>43</ControlCode>
          <Time>10:34</Time>
        </SplitTime>
        <SplitTime sequence="7">
          <ControlCode>46</ControlCode>
          <Time>14:53</Time>
        </SplitTime>
        <SplitTime sequence="8">
          <ControlCode>40</ControlCode>
          <Time>19:17</Time>
        </SplitTime>
        <SplitTime sequence="9">
          <ControlCode>35</ControlCode>
          <Time>24:32</Time>
        </SplitTime>
        <SplitTime sequence="10">
          <ControlCode>100</ControlCode>
          <Time>26:49</Time>
        </SplitTime>
        <SplitTime sequence="11">
          <ControlCode>300</ControlCode>
          <Time>39:06.8</Time>
        </SplitTime>
      </Result>
    </PersonResult>

    <PersonResult>
      <PersonId>127</PersonId>
      <Result>
        <Time>27:22.2</Time>
        <ResultPosition>11</ResultPosition>
        <CompetitorStatus value="OK"/>
        <SplitTime sequence="1">
          <ControlCode>31</ControlCode>
          <Time>2:21</Time>
        </SplitTime>
        <SplitTime sequence="2">
          <ControlCode>33</ControlCode>
          <Time>4:52</Time>
        </SplitTime>
        <SplitTime sequence="3">
          <ControlCode>34</ControlCode>
          <Time>5:23</Time>
        </SplitTime>
        <SplitTime sequence="4">
          <ControlCode>38</ControlCode>
          <Time>8:54</Time>
        </SplitTime>
        <SplitTime sequence="5">
          <ControlCode>42</ControlCode>
          <Time>10:11</Time>
        </SplitTime>
        <SplitTime sequence="6">
          <ControlCode>43</ControlCode>
          <Time>10:34</Time>
        </SplitTime>
        <SplitTime sequence="7">
          <ControlCode>46</ControlCode>
          <Time>14:14</Time>
        </SplitTime>
        <SplitTime sequence="8">
          <ControlCode>40</ControlCode>
          <Time>19:17</Time>
        </SplitTime>
        <SplitTime sequence="9">
          <ControlCode>35</ControlCode>
          <Time>24:32</Time>
        </SplitTime>
        <SplitTime sequence="10">
          <ControlCode>100</ControlCode>
          <Time>26:49</Time>
        </SplitTime>
        <SplitTime sequence="11">
          <ControlCode>300</ControlCode>
          <Time>37:22.2</Time>
        </SplitTime>
      </Result>
    </PersonResult>

    <PersonResult>
      <PersonId>109</PersonId>
      <Result>
        <Time>27:03.0</Time>
        <ResultPosition>9</ResultPosition>
        <CompetitorStatus value="OK"/>
        <SplitTime sequence="1">
          <ControlCode>31</ControlCode>
          <Time>2:21</Time>
        </SplitTime>
        <SplitTime sequence="2">
          <ControlCode>33</ControlCode>
          <Time>4:52</Time>
        </SplitTime>
        <SplitTime sequence="3">
          <ControlCode>34</ControlCode>
          <Time>5:23</Time>
        </SplitTime>
        <SplitTime sequence="4">
          <ControlCode>38</ControlCode>
          <Time>8:54</Time>
        </SplitTime>
        <SplitTime sequence="5">
          <ControlCode>42</ControlCode>
          <Time>10:11</Time>
        </SplitTime>
        <SplitTime sequence="6">
          <ControlCode>43</ControlCode>
          <Time>10:34</Time>
        </SplitTime>
        <SplitTime sequence="7">
          <ControlCode>46</ControlCode>
          <Time>13:50</Time>
        </SplitTime>
        <SplitTime sequence="8">
          <ControlCode>40</ControlCode>
          <Time>19:17</Time>
        </SplitTime>
        <SplitTime sequence="9">
          <ControlCode>35</ControlCode>
          <Time>24:32</Time>
        </SplitTime>
        <SplitTime sequence="10">
          <ControlCode>100</ControlCode>
          <Time>26:49</Time>
        </SplitTime>
        <SplitTime sequence="11">
          <ControlCode>300</ControlCode>
          <Time>37:03.0</Time>
        </SplitTime>
      </Result>
    </PersonResult>

    <PersonResult>
      <PersonId>128</PersonId>
      <Result>
        <Time>25:56.9</Time>
        <ResultPosition>2</ResultPosition>
        <CompetitorStatus value="OK"/>
        <SplitTime sequence="1">
          <ControlCode>31</ControlCode>
          <Time>2:21</Time>
        </SplitTime>
        <SplitTime sequence="2">
          <ControlCode>33</ControlCode>
          <Time>4:52</Time>
        </SplitTime>
        <SplitTime sequence="3">
          <ControlCode>34</ControlCode>
          <Time>5:23</Time>
        </SplitTime>
        <SplitTime sequence="4">
          <ControlCode>38</ControlCode>
          <Time>8:54</Time>
        </SplitTime>
        <SplitTime sequence="5">
          <ControlCode>42</ControlCode>
          <Time>10:11</Time>
        </SplitTime>
        <SplitTime sequence="6">
          <ControlCode>43</ControlCode>
          <Time>10:34</Time>
        </SplitTime>
        <SplitTime sequence="7">
          <ControlCode>46</ControlCode>
          <Time>11:57</Time>
        </SplitTime>
        <SplitTime sequence="8">
          <ControlCode>40</ControlCode>
          <Time>19:17</Time>
        </SplitTime>
        <SplitTime sequence="9">
          <ControlCode>35</ControlCode>
          <Time>24:32</Time>
        </SplitTime>
        <SplitTime sequence="10">
          <ControlCode>100</ControlCode>
          <Time>26:49</Time>
        </SplitTime>
        <SplitTime sequence="11">
          <ControlCode>300</ControlCode>
          <Time>35:56.9</Time>
        </SplitTime>
      </Result>
    </PersonResult>

    <PersonResult>
      <PersonId>129</PersonId>
      <Result>
        <CompetitorStatus value="MisPunch"/>
        <SplitTime sequence="1">
          <ControlCode>31</ControlCode>
          <Time>2:21</Time>
        </SplitTime>
        <SplitTime sequence="2">
          <ControlCode>33</ControlCode>
          <Time>4:52</Time>
        </SplitTime>
        <SplitTime sequence="3">
          <ControlCode>34</ControlCode>
          <Time>5:23</Time>
        </SplitTime>
        <SplitTime sequence="4">
          <ControlCode>38</ControlCode>
          <Time>8:54</Time>
        </SplitTime>
        <SplitTime sequence="5">
          <ControlCode>42</ControlCode>
          <Time>10:11</Time>
        </SplitTime>
        <SplitTime sequence="6">
          <ControlCode>43</ControlCode>
          <Time>10:34</Time>
        </SplitTime>
        <SplitTime sequence="7">
          <ControlCode>46</ControlCode>
          <Time>13:51</Time>
        </SplitTime>
        <SplitTime sequence="8">
          <ControlCode>40</ControlCode>
          <Time>19:17</Time>
        </SplitTime>
        <SplitTime sequence="9">
          <ControlCode>39</ControlCode>
          <Time>24:32</Time>
        </SplitTime>
        <SplitTime sequence="10">
          <ControlCode>100</ControlCode>
          <Time>26:49</Time>
        </SplitTime>
        <SplitTime sequence="11">
          <ControlCode>300</ControlCode>
          <Time>39:56.9</Time>
        </SplitTime>
      </Result>
    </PersonResult>

    <PersonResult>
      <PersonId>110</PersonId>
      <Result>
        <Time>31:34.1</Time>
        <ResultPosition>30</ResultPosition>
        <CompetitorStatus value="OK"/>
        <SplitTime sequence="1">
          <ControlCode>31</ControlCode>
          <Time>2:21</Time>
        </SplitTime>
        <SplitTime sequence="2">
          <ControlCode>33</ControlCode>
          <Time>4:52</Time>
        </SplitTime>
        <SplitTime sequence="3">
          <ControlCode>34</ControlCode>
          <Time>5:23</Time>
        </SplitTime>
        <SplitTime sequence="4">
          <ControlCode>38</ControlCode>
          <Time>8:54</Time>
        </SplitTime>
        <SplitTime sequence="5">
          <ControlCode>42</ControlCode>
          <Time>10:11</Time>
        </SplitTime>
        <SplitTime sequence="6">
          <ControlCode>43</ControlCode>
          <Time>10:34</Time>
        </SplitTime>
        <SplitTime sequence="7">
          <ControlCode>46</ControlCode>
          <Time>14:29</Time>
        </SplitTime>
        <SplitTime sequence="7">
          <ControlCode>46</ControlCode>
          <Time>14:33</Time>
        </SplitTime>
        <SplitTime sequence="8">
          <ControlCode>40</ControlCode>
          <Time>19:17</Time>
        </SplitTime>
        <SplitTime sequence="9">
          <ControlCode>35</ControlCode>
          <Time>24:32</Time>
        </SplitTime>
        <SplitTime sequence="10">
          <ControlCode>100</ControlCode>
          <Time>26:49</Time>
        </SplitTime>
        <SplitTime sequence="11">
          <ControlCode>300</ControlCode>
          <Time>41:34.1</Time>
        </SplitTime>
      </Result>
    </PersonResult>

    <PersonResult>
      <PersonId>111</PersonId>
      <Result>
        <CompetitorStatus value="MisPunch"/>
        <SplitTime sequence="1">
          <ControlCode>31</ControlCode>
          <Time>2:21</Time>
        </SplitTime>
        <SplitTime sequence="2">
          <ControlCode>33</ControlCode>
          <Time>4:52</Time>
        </SplitTime>
        <SplitTime sequence="3">
          <ControlCode>34</ControlCode>
          <Time>5:23</Time>
        </SplitTime>
        <SplitTime sequence="4">
          <ControlCode>38</ControlCode>
          <Time>8:54</Time>
        </SplitTime>
        <SplitTime sequence="5">
          <ControlCode>41</ControlCode>
          <Time>10:11</Time>
        </SplitTime>
        <SplitTime sequence="6">
          <ControlCode>43</ControlCode>
          <Time>10:34</Time>
        </SplitTime>
        <SplitTime sequence="7">
          <ControlCode>46</ControlCode>
          <Time>14:29</Time>
        </SplitTime>
        <SplitTime sequence="8">
          <ControlCode>40</ControlCode>
          <Time>19:17</Time>
        </SplitTime>
        <SplitTime sequence="9">
          <ControlCode>35</ControlCode>
          <Time>24:32</Time>
        </SplitTime>
        <SplitTime sequence="10">
          <ControlCode>100</ControlCode>
          <Time>26:49</Time>
        </SplitTime>
        <SplitTime sequence="11">
          <ControlCode>300</ControlCode>
          <Time>41:34.1</Time>
        </SplitTime>
      </Result>
    </PersonResult>

    <PersonResult>
      <PersonId>112</PersonId>
      <Result>
        <Time>29:12.4</Time>
        <ResultPosition>28</ResultPosition>
        <CompetitorStatus value="OK"/>
        <SplitTime sequence="1">
          <ControlCode>31</ControlCode>
          <Time>2:21</Time>
        </SplitTime>
        <SplitTime sequence="2">
          <ControlCode>33</ControlCode>
          <Time>4:52</Time>
        </SplitTime>
        <SplitTime sequence="3">
          <ControlCode>34</ControlCode>
          <Time>5:23</Time>
        </SplitTime>
        <SplitTime sequence="4">
          <ControlCode>38</ControlCode>
          <Time>8:54</Time>
        </SplitTime>
        <SplitTime sequence="5">
          <ControlCode>42</ControlCode>
          <Time>10:11</Time>
        </SplitTime>
        <SplitTime sequence="6">
          <ControlCode>43</ControlCode>
          <Time>10:34</Time>
        </SplitTime>
        <SplitTime sequence="7">
          <ControlCode>46</ControlCode>
          <Time>14:01</Time>
        </SplitTime>
        <SplitTime sequence="8">
          <ControlCode>40</ControlCode>
          <Time>19:17</Time>
        </SplitTime>
        <SplitTime sequence="9">
          <ControlCode>35</ControlCode>
          <Time>24:32</Time>
        </SplitTime>
        <SplitTime sequence="10">
          <ControlCode>100</ControlCode>
          <Time>26:49</Time>
        </SplitTime>
        <SplitTime sequence="11">
          <ControlCode>300</ControlCode>
          <Time>39:12.4</Time>
        </SplitTime>
      </Result>
    </PersonResult>

    <PersonResult>
      <PersonId>130</PersonId>
      <Result>
        <Time>26:19.0</Time>
        <ResultPosition>5</ResultPosition>
        <CompetitorStatus value="OK"/>
        <SplitTime sequence="1">
          <ControlCode>31</ControlCode>
          <Time>2:21</Time>
        </SplitTime>
        <SplitTime sequence="2">
          <ControlCode>33</ControlCode>
          <Time>4:52</Time>
        </SplitTime>
        <SplitTime sequence="3">
          <ControlCode>34</ControlCode>
          <Time>5:23</Time>
        </SplitTime>
        <SplitTime sequence="4">
          <ControlCode>38</ControlCode>
          <Time>8:54</Time>
        </SplitTime>
        <SplitTime sequence="5">
          <ControlCode>42</ControlCode>
          <Time>10:11</Time>
        </SplitTime>
        <SplitTime sequence="6">
          <ControlCode>43</ControlCode>
          <Time>10:34</Time>
        </SplitTime>
        <SplitTime sequence="7">
          <ControlCode>46</ControlCode>
          <Time>13:52</Time>
        </SplitTime>
        <SplitTime sequence="8">
          <ControlCode>40</ControlCode>
          <Time>19:17</Time>
        </SplitTime>
        <SplitTime sequence="9">
          <ControlCode>35</ControlCode>
          <Time>24:32</Time>
        </SplitTime>
        <SplitTime sequence="10">
          <ControlCode>100</ControlCode>
          <Time>26:49</Time>
        </SplitTime>
        <SplitTime sequence="11">
          <ControlCode>300</ControlCode>
          <Time>36:19.0</Time>
        </SplitTime>
      </Result>
    </PersonResult>

    <PersonResult>
      <PersonId>113</PersonId>
      <Result>
        <Time>28:57.3</Time>
        <ResultPosition>24</ResultPosition>
        <CompetitorStatus value="OK"/>
        <SplitTime sequence="1">
          <ControlCode>31</ControlCode>
          <Time>2:21</Time>
        </SplitTime>
        <SplitTime sequence="2">
          <ControlCode>33</ControlCode>
          <Time>4:52</Time>
        </SplitTime>
        <SplitTime sequence="3">
          <ControlCode>34</ControlCode>
          <Time>5:23</Time>
        </SplitTime>
        <SplitTime sequence="4">
          <ControlCode>38</ControlCode>
          <Time>8:54</Time>
        </SplitTime>
        <SplitTime sequence="5">
          <ControlCode>42</ControlCode>
          <Time>10:11</Time>
        </SplitTime>
        <SplitTime sequence="6">
          <ControlCode>43</ControlCode>
          <Time>10:34</Time>
        </SplitTime>
        <SplitTime sequence="7">
          <ControlCode>46</ControlCode>
          <Time>13:36</Time>
        </SplitTime>
        <SplitTime sequence="8">
          <ControlCode>40</ControlCode>
          <Time>19:17</Time>
        </SplitTime>
        <SplitTime sequence="9">
          <ControlCode>35</ControlCode>
          <Time>24:32</Time>
        </SplitTime>
        <SplitTime sequence="10">
          <ControlCode>100</ControlCode>
          <Time>26:49</Time>
        </SplitTime>
        <SplitTime sequence="11">
          <ControlCode>300</ControlCode>
          <Time>38:57.3</Time>
        </SplitTime>
      </Result>
    </PersonResult>

    <PersonResult>
      <PersonId>131</PersonId>
      <Result>
        <Time>28:56.8</Time>
        <ResultPosition>23</ResultPosition>
        <CompetitorStatus value="OK"/>
        <SplitTime sequence="1">
          <ControlCode>31</ControlCode>
          <Time>2:21</Time>
        </SplitTime>
        <SplitTime sequence="2">
          <ControlCode>33</ControlCode>
          <Time>4:52</Time>
        </SplitTime>
        <SplitTime sequence="3">
          <ControlCode>34</ControlCode>
          <Time>5:23</Time>
        </SplitTime>
        <SplitTime sequence="4">
          <ControlCode>38</ControlCode>
          <Time>8:54</Time>
        </SplitTime>
        <SplitTime sequence="5">
          <ControlCode>42</ControlCode>
          <Time>10:11</Time>
        </SplitTime>
        <SplitTime sequence="6">
          <ControlCode>43</ControlCode>
          <Time>10:34</Time>
        </SplitTime>
        <SplitTime sequence="7">
          <ControlCode>46</ControlCode>
          <Time>14:10</Time>
        </SplitTime>
        <SplitTime sequence="8">
          <ControlCode>40</ControlCode>
          <Time>19:17</Time>
        </SplitTime>
        <SplitTime sequence="9">
          <ControlCode>35</ControlCode>
          <Time>24:32</Time>
        </SplitTime>
        <SplitTime sequence="10">
          <ControlCode>100</ControlCode>
          <Time>26:49</Time>
        </SplitTime>
        <SplitTime sequence="11">
          <ControlCode>300</ControlCode>
          <Time>38:56.8</Time>
        </SplitTime>
      </Result>
    </PersonResult>

    <PersonResult>
      <PersonId>114</PersonId>
      <Result>
        <CompetitorStatus value="MisPunch"/>
        <SplitTime sequence="1">
          <ControlCode>31</ControlCode>
          <Time>2:21</Time>
        </SplitTime>
        <SplitTime sequence="2">
          <ControlCode>33</ControlCode>
          <Time>4:52</Time>
        </SplitTime>
        <SplitTime sequence="3">
          <ControlCode>34</ControlCode>
          <Time>5:23</Time>
        </SplitTime>
        <SplitTime sequence="4">
          <ControlCode>38</ControlCode>
          <Time>8:54</Time>
        </SplitTime>
        <SplitTime sequence="5">
          <ControlCode>42</ControlCode>
          <Time>10:11</Time>
        </SplitTime>
        <SplitTime sequence="6">
          <ControlCode>43</ControlCode>
          <Time>10:34</Time>
        </SplitTime>
        <SplitTime sequence="7">
          <ControlCode>46</ControlCode>
          <Time>14:51</Time>
        </SplitTime>
        <SplitTime sequence="8">
          <ControlCode>100</ControlCode>
          <Time>26:49</Time>
        </SplitTime>
      </Result>
    </PersonResult>

    <PersonResult>
      <PersonId>132</PersonId>
      <Result>
        <CompetitorStatus value="Active"/>
        <SplitTime sequence="7">
          <ControlCode>46</ControlCode>
          <Time>13:34</Time>
        </SplitTime>
      </Result>
    </PersonResult>

    <PersonResult>
      <PersonId>115</PersonId>
      <Result>
        <Time>27:26.8</Time>
        <ResultPosition>13</ResultPosition>
        <CompetitorStatus value="OK"/>
        <SplitTime sequence="1">
          <ControlCode>31</ControlCode>
          <Time>2:21</Time>
        </SplitTime>
        <SplitTime sequence="2">
          <ControlCode>33</ControlCode>
          <Time>4:52</Time>
        </SplitTime>
        <SplitTime sequence="3">
          <ControlCode>34</ControlCode>
          <Time>5:23</Time>
        </SplitTime>
        <SplitTime sequence="4">
          <ControlCode>38</ControlCode>
          <Time>8:54</Time>
        </SplitTime>
        <SplitTime sequence="5">
          <ControlCode>42</ControlCode>
          <Time>10:11</Time>
        </SplitTime>
        <SplitTime sequence="6">
          <ControlCode>43</ControlCode>
          <Time>10:34</Time>
        </SplitTime>
        <SplitTime sequence="7">
          <ControlCode>46</ControlCode>
          <Time>13:23</Time>
        </SplitTime>
        <SplitTime sequence="8">
          <ControlCode>40</ControlCode>
          <Time>19:17</Time>
        </SplitTime>
        <SplitTime sequence="9">
          <ControlCode>35</ControlCode>
          <Time>24:32</Time>
        </SplitTime>
        <SplitTime sequence="10">
          <ControlCode>100</ControlCode>
          <Time>26:49</Time>
        </SplitTime>
        <SplitTime sequence="11">
          <ControlCode>300</ControlCode>
          <Time>37:26.8</Time>
        </SplitTime>
      </Result>
    </PersonResult>

    <PersonResult>
      <PersonId>133</PersonId>
      <Result>
        <Time>26:18.2</Time>
        <ResultPosition>4</ResultPosition>
        <CompetitorStatus value="OK"/>
        <SplitTime sequence="1">
          <ControlCode>31</ControlCode>
          <Time>2:21</Time>
        </SplitTime>
        <SplitTime sequence="2">
          <ControlCode>33</ControlCode>
          <Time>4:52</Time>
        </SplitTime>
        <SplitTime sequence="3">
          <ControlCode>34</ControlCode>
          <Time>5:23</Time>
        </SplitTime>
        <SplitTime sequence="4">
          <ControlCode>38</ControlCode>
          <Time>8:54</Time>
        </SplitTime>
        <SplitTime sequence="5">
          <ControlCode>42</ControlCode>
          <Time>10:11</Time>
        </SplitTime>
        <SplitTime sequence="6">
          <ControlCode>43</ControlCode>
          <Time>10:34</Time>
        </SplitTime>
        <SplitTime sequence="7">
          <ControlCode>46</ControlCode>
          <Time>13:47</Time>
        </SplitTime>
        <SplitTime sequence="8">
          <ControlCode>40</ControlCode>
          <Time>19:17</Time>
        </SplitTime>
        <SplitTime sequence="9">
          <ControlCode>35</ControlCode>
          <Time>24:32</Time>
        </SplitTime>
        <SplitTime sequence="10">
          <ControlCode>100</ControlCode>
          <Time>26:49</Time>
        </SplitTime>
        <SplitTime sequence="11">
          <ControlCode>300</ControlCode>
          <Time>36:18.2</Time>
        </SplitTime>
      </Result>
    </PersonResult>

    <PersonResult>
      <PersonId>116</PersonId>
      <Result>
        <Time>24:24.8</Time>
        <ResultPosition>1</ResultPosition>
        <CompetitorStatus value="OK"/>
        <SplitTime sequence="1">
          <ControlCode>31</ControlCode>
          <Time>2:21</Time>
        </SplitTime>
        <SplitTime sequence="2">
          <ControlCode>33</ControlCode>
          <Time>4:52</Time>
        </SplitTime>
        <SplitTime sequence="3">
          <ControlCode>34</ControlCode>
          <Time>5:23</Time>
        </SplitTime>
        <SplitTime sequence="4">
          <ControlCode>38</ControlCode>
          <Time>8:54</Time>
        </SplitTime>
        <SplitTime sequence="5">
          <ControlCode>42</ControlCode>
          <Time>10:11</Time>
        </SplitTime>
        <SplitTime sequence="6">
          <ControlCode>43</ControlCode>
          <Time>10:34</Time>
        </SplitTime>
        <SplitTime sequence="7">
          <ControlCode>46</ControlCode>
          <Time>11:07</Time>
        </SplitTime>
        <SplitTime sequence="8">
          <ControlCode>40</ControlCode>
          <Time>19:17</Time>
        </SplitTime>
        <SplitTime sequence="9">
          <ControlCode>35</ControlCode>
          <Time>24:32</Time>
        </SplitTime>
        <SplitTime sequence="10">
          <ControlCode>100</ControlCode>
          <Time>26:49</Time>
        </SplitTime>
        <SplitTime sequence="11">
          <ControlCode>300</ControlCode>
          <Time>34:24.8</Time>
        </SplitTime>
      </Result>
    </PersonResult>

    <PersonResult>
      <PersonId>134</PersonId>
      <Result>
        <CompetitorStatus value="Active"/>
        <SplitTime sequence="7">
          <ControlCode>46</ControlCode>
          <Time>15:13</Time>
        </SplitTime>
      </Result>
    </PersonResult>

    <PersonResult>
      <PersonId>117</PersonId>
      <Result>
        <Time>26:36.7</Time>
        <ResultPosition>7</ResultPosition>
        <CompetitorStatus value="OK"/>
        <SplitTime sequence="1">
          <ControlCode>31</ControlCode>
          <Time>2:21</Time>
        </SplitTime>
        <SplitTime sequence="2">
          <ControlCode>33</ControlCode>
          <Time>4:52</Time>
        </SplitTime>
        <SplitTime sequence="3">
          <ControlCode>34</ControlCode>
          <Time>5:23</Time>
        </SplitTime>
        <SplitTime sequence="4">
          <ControlCode>38</ControlCode>
          <Time>8:54</Time>
        </SplitTime>
        <SplitTime sequence="5">
          <ControlCode>42</ControlCode>
          <Time>10:11</Time>
        </SplitTime>
        <SplitTime sequence="6">
          <ControlCode>43</ControlCode>
          <Time>10:34</Time>
        </SplitTime>
        <SplitTime sequence="7">
          <ControlCode>46</ControlCode>
          <Time>13:59</Time>
        </SplitTime>
        <SplitTime sequence="8">
          <ControlCode>40</ControlCode>
          <Time>19:17</Time>
        </SplitTime>
        <SplitTime sequence="9">
          <ControlCode>35</ControlCode>
          <Time>24:32</Time>
        </SplitTime>
        <SplitTime sequence="10">
          <ControlCode>100</ControlCode>
          <Time>26:49</Time>
        </SplitTime>
        <SplitTime sequence="11">
          <ControlCode>300</ControlCode>
          <Time>36:36.7</Time>
        </SplitTime>
      </Result>
    </PersonResult>

    <PersonResult>
      <PersonId>135</PersonId>
      <Result>
        <Time>27:24.7</Time>
        <ResultPosition>12</ResultPosition>
        <CompetitorStatus value="OK"/>
        <SplitTime sequence="1">
          <ControlCode>31</ControlCode>
          <Time>2:21</Time>
        </SplitTime>
        <SplitTime sequence="2">
          <ControlCode>33</ControlCode>
          <Time>4:52</Time>
        </SplitTime>
        <SplitTime sequence="3">
          <ControlCode>34</ControlCode>
          <Time>5:23</Time>
        </SplitTime>
        <SplitTime sequence="4">
          <ControlCode>38</ControlCode>
          <Time>8:54</Time>
        </SplitTime>
        <SplitTime sequence="5">
          <ControlCode>42</ControlCode>
          <Time>10:11</Time>
        </SplitTime>
        <SplitTime sequence="6">
          <ControlCode>43</ControlCode>
          <Time>10:34</Time>
        </SplitTime>
        <SplitTime sequence="7">
          <ControlCode>46</ControlCode>
          <Time>12:44</Time>
        </SplitTime>
        <SplitTime sequence="8">
          <ControlCode>40</ControlCode>
          <Time>19:17</Time>
        </SplitTime>
        <SplitTime sequence="9">
          <ControlCode>35</ControlCode>
          <Time>24:32</Time>
        </SplitTime>
        <SplitTime sequence="10">
          <ControlCode>100</ControlCode>
          <Time>26:49</Time>
        </SplitTime>
        <SplitTime sequence="11">
          <ControlCode>300</ControlCode>
          <Time>37:24.7</Time>
        </SplitTime>
      </Result>
    </PersonResult>

    <PersonResult>
      <PersonId>118</PersonId>
      <Result>
        <Time>29:13.4</Time>
        <ResultPosition>29</ResultPosition>
        <CompetitorStatus value="OK"/>
        <SplitTime sequence="1">
          <ControlCode>31</ControlCode>
          <Time>2:21</Time>
        </SplitTime>
        <SplitTime sequence="2">
          <ControlCode>33</ControlCode>
          <Time>4:52</Time>
        </SplitTime>
        <SplitTime sequence="3">
          <ControlCode>34</ControlCode>
          <Time>5:23</Time>
        </SplitTime>
        <SplitTime sequence="4">
          <ControlCode>38</ControlCode>
          <Time>8:54</Time>
        </SplitTime>
        <SplitTime sequence="5">
          <ControlCode>42</ControlCode>
          <Time>10:11</Time>
        </SplitTime>
        <SplitTime sequence="6">
          <ControlCode>43</ControlCode>
          <Time>10:34</Time>
        </SplitTime>
        <SplitTime sequence="7">
          <ControlCode>46</ControlCode>
          <Time>15:51</Time>
        </SplitTime>
        <SplitTime sequence="8">
          <ControlCode>40</ControlCode>
          <Time>19:17</Time>
        </SplitTime>
        <SplitTime sequence="9">
          <ControlCode>35</ControlCode>
          <Time>24:32</Time>
        </SplitTime>
        <SplitTime sequence="10">
          <ControlCode>100</ControlCode>
          <Time>26:49</Time>
        </SplitTime>
        <SplitTime sequence="11">
          <ControlCode>300</ControlCode>
          <Time>39:13.4</Time>
        </SplitTime>
      </Result>
    </PersonResult>

    <PersonResult>
      <PersonId>136</PersonId>
      <Result>
        <CompetitorStatus value="Active"/>
        <SplitTime sequence="7">
          <ControlCode>46</ControlCode>
          <Time>15:39</Time>
        </SplitTime>
      </Result>
    </PersonResult>

    <PersonResult>
      <PersonId>119</PersonId>
      <Result>
        <Time>28:39.5</Time>
        <ResultPosition>22</ResultPosition>
        <CompetitorStatus value="OK"/>
        <SplitTime sequence="1">
          <ControlCode>31</ControlCode>
          <Time>2:21</Time>
        </SplitTime>
        <SplitTime sequence="2">
          <ControlCode>33</ControlCode>
          <Time>4:52</Time>
        </SplitTime>
        <SplitTime sequence="3">
          <ControlCode>34</ControlCode>
          <Time>5:23</Time>
        </SplitTime>
        <SplitTime sequence="4">
          <ControlCode>38</ControlCode>
          <Time>8:54</Time>
        </SplitTime>
        <SplitTime sequence="5">
          <ControlCode>42</ControlCode>
          <Time>10:11</Time>
        </SplitTime>
        <SplitTime sequence="6">
          <ControlCode>43</ControlCode>
          <Time>10:34</Time>
        </SplitTime>
        <SplitTime sequence="7">
          <ControlCode>46</ControlCode>
          <Time>14:36</Time>
        </SplitTime>
        <SplitTime sequence="8">
          <ControlCode>40</ControlCode>
          <Time>19:17</Time>
        </SplitTime>
        <SplitTime sequence="9">
          <ControlCode>35</ControlCode>
          <Time>24:32</Time>
        </SplitTime>
        <SplitTime sequence="10">
          <ControlCode>100</ControlCode>
          <Time>26:49</Time>
        </SplitTime>
        <SplitTime sequence="11">
          <ControlCode>300</ControlCode>
          <Time>38:39.5</Time>
        </SplitTime>
      </Result>
    </PersonResult>

    <PersonResult>
      <PersonId>137</PersonId>
      <Result>
        <CompetitorStatus value="Active"/>
        <SplitTime sequence="7">
          <ControlCode>46</ControlCode>
          <Time>13:33</Time>
        </SplitTime>
      </Result>
    </PersonResult>

    <PersonResult>
      <PersonId>138</PersonId>
      <Result>
        <CompetitorStatus value="Active"/>
        <SplitTime sequence="7">
          <ControlCode>46</ControlCode>
          <Time>14:55</Time>
        </SplitTime>
      </Result>
    </PersonResult>

    <PersonResult>
      <PersonId>139</PersonId>
      <Result>
        <CompetitorStatus value="Active"/>
        <SplitTime sequence="7">
          <ControlCode>46</ControlCode>
          <Time>14:31</Time>
        </SplitTime>
      </Result>
    </PersonResult>
  </ClassResult>




  <ClassResult>
    <ClassShortName>Women</ClassShortName>

    <PersonResult>
      <PersonId>201</PersonId>
      <Result>
        <Time>25:39.5</Time>
        <ResultPosition>4</ResultPosition>
        <CompetitorStatus value="OK"/>
        <SplitTime sequence="1">
          <ControlCode>31</ControlCode>
          <Time>2:21</Time>
        </SplitTime>
        <SplitTime sequence="2">
          <ControlCode>33</ControlCode>
          <Time>4:52</Time>
        </SplitTime>
        <SplitTime sequence="3">
          <ControlCode>34</ControlCode>
          <Time>5:23</Time>
        </SplitTime>
        <SplitTime sequence="4">
          <ControlCode>38</ControlCode>
          <Time>8:54</Time>
        </SplitTime>
        <SplitTime sequence="5">
          <ControlCode>42</ControlCode>
          <Time>10:11</Time>
        </SplitTime>
        <SplitTime sequence="6">
          <ControlCode>43</ControlCode>
          <Time>10:34</Time>
        </SplitTime>
        <SplitTime sequence="7">
          <ControlCode>46</ControlCode>
          <Time>11:41</Time>
        </SplitTime>
        <SplitTime sequence="8">
          <ControlCode>40</ControlCode>
          <Time>19:17</Time>
        </SplitTime>
        <SplitTime sequence="9">
          <ControlCode>35</ControlCode>
          <Time>24:32</Time>
        </SplitTime>
        <SplitTime sequence="10">
          <ControlCode>100</ControlCode>
          <Time>26:49</Time>
        </SplitTime>
        <SplitTime sequence="11">
          <ControlCode>300</ControlCode>
          <Time>35:39.5</Time>
        </SplitTime>
      </Result>
    </PersonResult>

    <PersonResult>
      <PersonId>220</PersonId>
      <Result>
        <Time>27:39.4</Time>
        <ResultPosition>16</ResultPosition>
        <CompetitorStatus value="OK"/>
        <SplitTime sequence="1">
          <ControlCode>31</ControlCode>
          <Time>2:21</Time>
        </SplitTime>
        <SplitTime sequence="2">
          <ControlCode>33</ControlCode>
          <Time>4:52</Time>
        </SplitTime>
        <SplitTime sequence="3">
          <ControlCode>34</ControlCode>
          <Time>5:23</Time>
        </SplitTime>
        <SplitTime sequence="4">
          <ControlCode>38</ControlCode>
          <Time>8:54</Time>
        </SplitTime>
        <SplitTime sequence="5">
          <ControlCode>42</ControlCode>
          <Time>10:11</Time>
        </SplitTime>
        <SplitTime sequence="6">
          <ControlCode>43</ControlCode>
          <Time>10:34</Time>
        </SplitTime>
        <SplitTime sequence="7">
          <ControlCode>46</ControlCode>
          <Time>14:47</Time>
        </SplitTime>
        <SplitTime sequence="8">
          <ControlCode>40</ControlCode>
          <Time>19:17</Time>
        </SplitTime>
        <SplitTime sequence="9">
          <ControlCode>35</ControlCode>
          <Time>24:32</Time>
        </SplitTime>
        <SplitTime sequence="10">
          <ControlCode>100</ControlCode>
          <Time>26:49</Time>
        </SplitTime>
        <SplitTime sequence="11">
          <ControlCode>300</ControlCode>
          <Time>37:39.4</Time>
        </SplitTime>
      </Result>
    </PersonResult>

    <PersonResult>
      <PersonId>202</PersonId>
      <Result>
        <Time>30:48.7</Time>
        <ResultPosition>24</ResultPosition>
        <CompetitorStatus value="OK"/>
        <SplitTime sequence="1">
          <ControlCode>31</ControlCode>
          <Time>2:21</Time>
        </SplitTime>
        <SplitTime sequence="2">
          <ControlCode>33</ControlCode>
          <Time>4:52</Time>
        </SplitTime>
        <SplitTime sequence="3">
          <ControlCode>34</ControlCode>
          <Time>5:23</Time>
        </SplitTime>
        <SplitTime sequence="4">
          <ControlCode>38</ControlCode>
          <Time>8:54</Time>
        </SplitTime>
        <SplitTime sequence="5">
          <ControlCode>42</ControlCode>
          <Time>10:11</Time>
        </SplitTime>
        <SplitTime sequence="6">
          <ControlCode>43</ControlCode>
          <Time>10:34</Time>
        </SplitTime>
        <SplitTime sequence="7">
          <ControlCode>46</ControlCode>
          <Time>15:50</Time>
        </SplitTime>
        <SplitTime sequence="8">
          <ControlCode>40</ControlCode>
          <Time>19:17</Time>
        </SplitTime>
        <SplitTime sequence="9">
          <ControlCode>35</ControlCode>
          <Time>24:32</Time>
        </SplitTime>
        <SplitTime sequence="10">
          <ControlCode>100</ControlCode>
          <Time>26:49</Time>
        </SplitTime>
        <SplitTime sequence="11">
          <ControlCode>300</ControlCode>
          <Time>40:48.7</Time>
        </SplitTime>
      </Result>
    </PersonResult>

    <PersonResult>
      <PersonId>221</PersonId>
      <Result>
        <Time>25:35.4</Time>
        <ResultPosition>3</ResultPosition>
        <CompetitorStatus value="OK"/>
        <SplitTime sequence="1">
          <ControlCode>31</ControlCode>
          <Time>2:21</Time>
        </SplitTime>
        <SplitTime sequence="2">
          <ControlCode>33</ControlCode>
          <Time>4:52</Time>
        </SplitTime>
        <SplitTime sequence="3">
          <ControlCode>34</ControlCode>
          <Time>5:23</Time>
        </SplitTime>
        <SplitTime sequence="4">
          <ControlCode>38</ControlCode>
          <Time>8:54</Time>
        </SplitTime>
        <SplitTime sequence="5">
          <ControlCode>42</ControlCode>
          <Time>10:11</Time>
        </SplitTime>
        <SplitTime sequence="6">
          <ControlCode>43</ControlCode>
          <Time>10:34</Time>
        </SplitTime>
        <SplitTime sequence="7">
          <ControlCode>46</ControlCode>
          <Time>13:41</Time>
        </SplitTime>
        <SplitTime sequence="8">
          <ControlCode>40</ControlCode>
          <Time>19:17</Time>
        </SplitTime>
        <SplitTime sequence="9">
          <ControlCode>35</ControlCode>
          <Time>24:32</Time>
        </SplitTime>
        <SplitTime sequence="10">
          <ControlCode>100</ControlCode>
          <Time>26:49</Time>
        </SplitTime>
        <SplitTime sequence="11">
          <ControlCode>300</ControlCode>
          <Time>35:35.4</Time>
        </SplitTime>
      </Result>
    </PersonResult>

    <PersonResult>
      <PersonId>203</PersonId>
      <Result>
        <Time>28:41.8</Time>
        <ResultPosition>21</ResultPosition>
        <CompetitorStatus value="OK"/>
        <SplitTime sequence="1">
          <ControlCode>31</ControlCode>
          <Time>2:21</Time>
        </SplitTime>
        <SplitTime sequence="2">
          <ControlCode>33</ControlCode>
          <Time>4:52</Time>
        </SplitTime>
        <SplitTime sequence="3">
          <ControlCode>34</ControlCode>
          <Time>5:23</Time>
        </SplitTime>
        <SplitTime sequence="4">
          <ControlCode>38</ControlCode>
          <Time>8:54</Time>
        </SplitTime>
        <SplitTime sequence="5">
          <ControlCode>42</ControlCode>
          <Time>10:11</Time>
        </SplitTime>
        <SplitTime sequence="6">
          <ControlCode>43</ControlCode>
          <Time>10:34</Time>
        </SplitTime>
        <SplitTime sequence="7">
          <ControlCode>46</ControlCode>
          <Time>14:47</Time>
        </SplitTime>
        <SplitTime sequence="8">
          <ControlCode>40</ControlCode>
          <Time>19:17</Time>
        </SplitTime>
        <SplitTime sequence="9">
          <ControlCode>35</ControlCode>
          <Time>24:32</Time>
        </SplitTime>
        <SplitTime sequence="10">
          <ControlCode>100</ControlCode>
          <Time>26:49</Time>
        </SplitTime>
        <SplitTime sequence="11">
          <ControlCode>300</ControlCode>
          <Time>38:41.8</Time>
        </SplitTime>
      </Result>
    </PersonResult>

    <PersonResult>
      <PersonId>240</PersonId>
      <Result>
        <CompetitorStatus value="Inactive"/>
      </Result>
    </PersonResult>

    <PersonResult>
      <PersonId>222</PersonId>
      <Result>
        <Time>26:52.6</Time>
        <ResultPosition>8</ResultPosition>
        <CompetitorStatus value="OK"/>
        <SplitTime sequence="1">
          <ControlCode>31</ControlCode>
          <Time>2:21</Time>
        </SplitTime>
        <SplitTime sequence="2">
          <ControlCode>33</ControlCode>
          <Time>4:52</Time>
        </SplitTime>
        <SplitTime sequence="3">
          <ControlCode>34</ControlCode>
          <Time>5:23</Time>
        </SplitTime>
        <SplitTime sequence="4">
          <ControlCode>38</ControlCode>
          <Time>8:54</Time>
        </SplitTime>
        <SplitTime sequence="5">
          <ControlCode>42</ControlCode>
          <Time>10:11</Time>
        </SplitTime>
        <SplitTime sequence="6">
          <ControlCode>43</ControlCode>
          <Time>10:34</Time>
        </SplitTime>
        <SplitTime sequence="7">
          <ControlCode>46</ControlCode>
          <Time>13:51</Time>
        </SplitTime>
        <SplitTime sequence="8">
          <ControlCode>40</ControlCode>
          <Time>19:17</Time>
        </SplitTime>
        <SplitTime sequence="9">
          <ControlCode>35</ControlCode>
          <Time>24:32</Time>
        </SplitTime>
        <SplitTime sequence="10">
          <ControlCode>100</ControlCode>
          <Time>26:49</Time>
        </SplitTime>
        <SplitTime sequence="11">
          <ControlCode>300</ControlCode>
          <Time>36:52.6</Time>
        </SplitTime>
      </Result>
    </PersonResult>

    <PersonResult>
      <PersonId>204</PersonId>
      <Result>
        <Time>26:02.5</Time>
        <ResultPosition>5</ResultPosition>
        <CompetitorStatus value="OK"/>
        <SplitTime sequence="1">
          <ControlCode>31</ControlCode>
          <Time>2:21</Time>
        </SplitTime>
        <SplitTime sequence="2">
          <ControlCode>33</ControlCode>
          <Time>4:52</Time>
        </SplitTime>
        <SplitTime sequence="3">
          <ControlCode>34</ControlCode>
          <Time>5:23</Time>
        </SplitTime>
        <SplitTime sequence="4">
          <ControlCode>38</ControlCode>
          <Time>8:54</Time>
        </SplitTime>
        <SplitTime sequence="5">
          <ControlCode>42</ControlCode>
          <Time>10:11</Time>
        </SplitTime>
        <SplitTime sequence="6">
          <ControlCode>43</ControlCode>
          <Time>10:34</Time>
        </SplitTime>
        <SplitTime sequence="7">
          <ControlCode>46</ControlCode>
          <Time>13:41</Time>
        </SplitTime>
        <SplitTime sequence="8">
          <ControlCode>40</ControlCode>
          <Time>19:17</Time>
        </SplitTime>
        <SplitTime sequence="9">
          <ControlCode>35</ControlCode>
          <Time>24:32</Time>
        </SplitTime>
        <SplitTime sequence="10">
          <ControlCode>100</ControlCode>
          <Time>26:49</Time>
        </SplitTime>
        <SplitTime sequence="11">
          <ControlCode>300</ControlCode>
          <Time>36:02.5</Time>
        </SplitTime>
      </Result>
    </PersonResult>

    <PersonResult>
      <PersonId>223</PersonId>
      <Result>
        <Time>24:47.2</Time>
        <ResultPosition>2</ResultPosition>
        <CompetitorStatus value="OK"/>
        <SplitTime sequence="1">
          <ControlCode>31</ControlCode>
          <Time>2:21</Time>
        </SplitTime>
        <SplitTime sequence="2">
          <ControlCode>33</ControlCode>
          <Time>4:52</Time>
        </SplitTime>
        <SplitTime sequence="3">
          <ControlCode>34</ControlCode>
          <Time>5:23</Time>
        </SplitTime>
        <SplitTime sequence="4">
          <ControlCode>38</ControlCode>
          <Time>8:54</Time>
        </SplitTime>
        <SplitTime sequence="5">
          <ControlCode>42</ControlCode>
          <Time>10:11</Time>
        </SplitTime>
        <SplitTime sequence="6">
          <ControlCode>43</ControlCode>
          <Time>10:34</Time>
        </SplitTime>
        <SplitTime sequence="7">
          <ControlCode>46</ControlCode>
          <Time>12:51</Time>
        </SplitTime>
        <SplitTime sequence="8">
          <ControlCode>40</ControlCode>
          <Time>19:17</Time>
        </SplitTime>
        <SplitTime sequence="9">
          <ControlCode>35</ControlCode>
          <Time>24:32</Time>
        </SplitTime>
        <SplitTime sequence="10">
          <ControlCode>100</ControlCode>
          <Time>26:49</Time>
        </SplitTime>
        <SplitTime sequence="11">
          <ControlCode>300</ControlCode>
          <Time>34:47.2</Time>
        </SplitTime>
      </Result>
    </PersonResult>

    <PersonResult>
      <PersonId>205</PersonId>
      <Result>
        <Time>27:16.8</Time>
        <ResultPosition>11</ResultPosition>
        <CompetitorStatus value="OK"/>
        <SplitTime sequence="1">
          <ControlCode>31</ControlCode>
          <Time>2:21</Time>
        </SplitTime>
        <SplitTime sequence="2">
          <ControlCode>33</ControlCode>
          <Time>4:52</Time>
        </SplitTime>
        <SplitTime sequence="3">
          <ControlCode>34</ControlCode>
          <Time>5:23</Time>
        </SplitTime>
        <SplitTime sequence="4">
          <ControlCode>38</ControlCode>
          <Time>8:54</Time>
        </SplitTime>
        <SplitTime sequence="5">
          <ControlCode>42</ControlCode>
          <Time>10:11</Time>
        </SplitTime>
        <SplitTime sequence="6">
          <ControlCode>43</ControlCode>
          <Time>10:34</Time>
        </SplitTime>
        <SplitTime sequence="7">
          <ControlCode>46</ControlCode>
          <Time>13:42</Time>
        </SplitTime>
        <SplitTime sequence="8">
          <ControlCode>40</ControlCode>
          <Time>19:17</Time>
        </SplitTime>
        <SplitTime sequence="9">
          <ControlCode>35</ControlCode>
          <Time>24:32</Time>
        </SplitTime>
        <SplitTime sequence="10">
          <ControlCode>100</ControlCode>
          <Time>26:49</Time>
        </SplitTime>
        <SplitTime sequence="11">
          <ControlCode>300</ControlCode>
          <Time>37:16.8</Time>
        </SplitTime>
      </Result>
    </PersonResult>

    <PersonResult>
      <PersonId>224</PersonId>
      <Result>
        <Time>27:35.2</Time>
        <ResultPosition>15</ResultPosition>
        <CompetitorStatus value="Finished"/>
        <SplitTime sequence="11">
          <ControlCode>300</ControlCode>
          <Time>37:35.2</Time>
        </SplitTime>
      </Result>
    </PersonResult>

    <PersonResult>
      <PersonId>206</PersonId>
      <Result>
        <Time>27:20.1</Time>
        <ResultPosition>13</ResultPosition>
        <CompetitorStatus value="OK"/>
        <SplitTime sequence="1">
          <ControlCode>31</ControlCode>
          <Time>2:21</Time>
        </SplitTime>
        <SplitTime sequence="2">
          <ControlCode>33</ControlCode>
          <Time>4:52</Time>
        </SplitTime>
        <SplitTime sequence="3">
          <ControlCode>34</ControlCode>
          <Time>5:23</Time>
        </SplitTime>
        <SplitTime sequence="4">
          <ControlCode>38</ControlCode>
          <Time>8:54</Time>
        </SplitTime>
        <SplitTime sequence="5">
          <ControlCode>42</ControlCode>
          <Time>10:11</Time>
        </SplitTime>
        <SplitTime sequence="6">
          <ControlCode>43</ControlCode>
          <Time>10:34</Time>
        </SplitTime>
        <SplitTime sequence="7">
          <ControlCode>46</ControlCode>
          <Time>13:56</Time>
        </SplitTime>
        <SplitTime sequence="8">
          <ControlCode>40</ControlCode>
          <Time>19:17</Time>
        </SplitTime>
        <SplitTime sequence="9">
          <ControlCode>35</ControlCode>
          <Time>24:32</Time>
        </SplitTime>
        <SplitTime sequence="10">
          <ControlCode>100</ControlCode>
          <Time>26:49</Time>
        </SplitTime>
        <SplitTime sequence="11">
          <ControlCode>300</ControlCode>
          <Time>37:20.1</Time>
        </SplitTime>
      </Result>
    </PersonResult>

    <PersonResult>
      <PersonId>225</PersonId>
      <Result>
        <CompetitorStatus value="Inactive"/>
      </Result>
    </PersonResult>

    <PersonResult>
      <PersonId>207</PersonId>
      <Result>
        <Time>27:18.4</Time>
        <ResultPosition>12</ResultPosition>
        <CompetitorStatus value="OK"/>
        <SplitTime sequence="1">
          <ControlCode>31</ControlCode>
          <Time>2:21</Time>
        </SplitTime>
        <SplitTime sequence="2">
          <ControlCode>33</ControlCode>
          <Time>4:52</Time>
        </SplitTime>
        <SplitTime sequence="3">
          <ControlCode>34</ControlCode>
          <Time>5:23</Time>
        </SplitTime>
        <SplitTime sequence="4">
          <ControlCode>38</ControlCode>
          <Time>8:54</Time>
        </SplitTime>
        <SplitTime sequence="5">
          <ControlCode>42</ControlCode>
          <Time>10:11</Time>
        </SplitTime>
        <SplitTime sequence="6">
          <ControlCode>43</ControlCode>
          <Time>10:34</Time>
        </SplitTime>
        <SplitTime sequence="7">
          <ControlCode>46</ControlCode>
          <Time>13:40</Time>
        </SplitTime>
        <SplitTime sequence="8">
          <ControlCode>40</ControlCode>
          <Time>19:17</Time>
        </SplitTime>
        <SplitTime sequence="9">
          <ControlCode>35</ControlCode>
          <Time>24:32</Time>
        </SplitTime>
        <SplitTime sequence="10">
          <ControlCode>100</ControlCode>
          <Time>26:49</Time>
        </SplitTime>
        <SplitTime sequence="11">
          <ControlCode>300</ControlCode>
          <Time>37:18.4</Time>
        </SplitTime>
      </Result>
    </PersonResult>

    <PersonResult>
      <PersonId>226</PersonId>
      <Result>
        <Time>27:12.0</Time>
        <ResultPosition>10</ResultPosition>
        <CompetitorStatus value="OK"/>
        <SplitTime sequence="1">
          <ControlCode>31</ControlCode>
          <Time>2:21</Time>
        </SplitTime>
        <SplitTime sequence="2">
          <ControlCode>33</ControlCode>
          <Time>4:52</Time>
        </SplitTime>
        <SplitTime sequence="3">
          <ControlCode>34</ControlCode>
          <Time>5:23</Time>
        </SplitTime>
        <SplitTime sequence="4">
          <ControlCode>38</ControlCode>
          <Time>8:54</Time>
        </SplitTime>
        <SplitTime sequence="5">
          <ControlCode>42</ControlCode>
          <Time>10:11</Time>
        </SplitTime>
        <SplitTime sequence="6">
          <ControlCode>43</ControlCode>
          <Time>10:34</Time>
        </SplitTime>
        <SplitTime sequence="7">
          <ControlCode>46</ControlCode>
          <Time>12:19</Time>
        </SplitTime>
        <SplitTime sequence="8">
          <ControlCode>40</ControlCode>
          <Time>19:17</Time>
        </SplitTime>
        <SplitTime sequence="9">
          <ControlCode>35</ControlCode>
          <Time>24:32</Time>
        </SplitTime>
        <SplitTime sequence="10">
          <ControlCode>100</ControlCode>
          <Time>26:49</Time>
        </SplitTime>
        <SplitTime sequence="11">
          <ControlCode>300</ControlCode>
          <Time>37:12.0</Time>
        </SplitTime>
      </Result>
    </PersonResult>

    <PersonResult>
      <PersonId>208</PersonId>
      <Result>
        <Time>28:34.0</Time>
        <ResultPosition>20</ResultPosition>
        <CompetitorStatus value="OK"/>
        <SplitTime sequence="1">
          <ControlCode>31</ControlCode>
          <Time>2:21</Time>
        </SplitTime>
        <SplitTime sequence="2">
          <ControlCode>33</ControlCode>
          <Time>4:52</Time>
        </SplitTime>
        <SplitTime sequence="3">
          <ControlCode>34</ControlCode>
          <Time>5:23</Time>
        </SplitTime>
        <SplitTime sequence="4">
          <ControlCode>38</ControlCode>
          <Time>8:54</Time>
        </SplitTime>
        <SplitTime sequence="5">
          <ControlCode>42</ControlCode>
          <Time>10:11</Time>
        </SplitTime>
        <SplitTime sequence="6">
          <ControlCode>43</ControlCode>
          <Time>10:34</Time>
        </SplitTime>
        <SplitTime sequence="7">
          <ControlCode>46</ControlCode>
          <Time>15:39</Time>
        </SplitTime>
        <SplitTime sequence="8">
          <ControlCode>40</ControlCode>
          <Time>19:17</Time>
        </SplitTime>
        <SplitTime sequence="9">
          <ControlCode>35</ControlCode>
          <Time>24:32</Time>
        </SplitTime>
        <SplitTime sequence="10">
          <ControlCode>100</ControlCode>
          <Time>26:49</Time>
        </SplitTime>
        <SplitTime sequence="11">
          <ControlCode>300</ControlCode>
          <Time>38:34.0</Time>
        </SplitTime>
      </Result>
    </PersonResult>

    <PersonResult>
      <PersonId>227</PersonId>
      <Result>
        <CompetitorStatus value="Inactive"/>
      </Result>
    </PersonResult>

    <PersonResult>
      <PersonId>209</PersonId>
      <Result>
        <Time>24:17.1</Time>
        <ResultPosition>1</ResultPosition>
        <CompetitorStatus value="OK"/>
        <SplitTime sequence="1">
          <ControlCode>31</ControlCode>
          <Time>2:21</Time>
        </SplitTime>
        <SplitTime sequence="2">
          <ControlCode>33</ControlCode>
          <Time>4:52</Time>
        </SplitTime>
        <SplitTime sequence="3">
          <ControlCode>34</ControlCode>
          <Time>5:23</Time>
        </SplitTime>
        <SplitTime sequence="4">
          <ControlCode>38</ControlCode>
          <Time>8:54</Time>
        </SplitTime>
        <SplitTime sequence="5">
          <ControlCode>42</ControlCode>
          <Time>10:11</Time>
        </SplitTime>
        <SplitTime sequence="6">
          <ControlCode>43</ControlCode>
          <Time>10:34</Time>
        </SplitTime>
        <SplitTime sequence="7">
          <ControlCode>46</ControlCode>
          <Time>13:02</Time>
        </SplitTime>
        <SplitTime sequence="8">
          <ControlCode>40</ControlCode>
          <Time>19:17</Time>
        </SplitTime>
        <SplitTime sequence="9">
          <ControlCode>35</ControlCode>
          <Time>24:32</Time>
        </SplitTime>
        <SplitTime sequence="10">
          <ControlCode>100</ControlCode>
          <Time>26:49</Time>
        </SplitTime>
        <SplitTime sequence="11">
          <ControlCode>300</ControlCode>
          <Time>34:17.1</Time>
        </SplitTime>
      </Result>
    </PersonResult>

    <PersonResult>
      <PersonId>228</PersonId>
      <Result>
        <CompetitorStatus value="Inactive"/>
      </Result>
    </PersonResult>

    <PersonResult>
      <PersonId>229</PersonId>
      <Result>
        <CompetitorStatus value="Inactive"/>
      </Result>
    </PersonResult>

    <PersonResult>
      <PersonId>210</PersonId>
      <Result>
        <Time>27:02.6</Time>
        <ResultPosition>9</ResultPosition>
        <CompetitorStatus value="OK"/>
        <SplitTime sequence="1">
          <ControlCode>31</ControlCode>
          <Time>2:21</Time>
        </SplitTime>
        <SplitTime sequence="2">
          <ControlCode>33</ControlCode>
          <Time>4:52</Time>
        </SplitTime>
        <SplitTime sequence="3">
          <ControlCode>34</ControlCode>
          <Time>5:23</Time>
        </SplitTime>
        <SplitTime sequence="4">
          <ControlCode>38</ControlCode>
          <Time>8:54</Time>
        </SplitTime>
        <SplitTime sequence="5">
          <ControlCode>42</ControlCode>
          <Time>10:11</Time>
        </SplitTime>
        <SplitTime sequence="6">
          <ControlCode>43</ControlCode>
          <Time>10:34</Time>
        </SplitTime>
        <SplitTime sequence="7">
          <ControlCode>46</ControlCode>
          <Time>13:13</Time>
        </SplitTime>
        <SplitTime sequence="8">
          <ControlCode>40</ControlCode>
          <Time>19:17</Time>
        </SplitTime>
        <SplitTime sequence="9">
          <ControlCode>35</ControlCode>
          <Time>24:32</Time>
        </SplitTime>
        <SplitTime sequence="10">
          <ControlCode>100</ControlCode>
          <Time>26:49</Time>
        </SplitTime>
        <SplitTime sequence="11">
          <ControlCode>300</ControlCode>
          <Time>37:02.6</Time>
        </SplitTime>
      </Result>
    </PersonResult>

    <PersonResult>
      <PersonId>211</PersonId>
      <Result>
        <Time>28:28.7</Time>
        <ResultPosition>19</ResultPosition>
        <CompetitorStatus value="OK"/>
        <SplitTime sequence="1">
          <ControlCode>31</ControlCode>
          <Time>2:21</Time>
        </SplitTime>
        <SplitTime sequence="2">
          <ControlCode>33</ControlCode>
          <Time>4:52</Time>
        </SplitTime>
        <SplitTime sequence="3">
          <ControlCode>34</ControlCode>
          <Time>5:23</Time>
        </SplitTime>
        <SplitTime sequence="4">
          <ControlCode>38</ControlCode>
          <Time>8:54</Time>
        </SplitTime>
        <SplitTime sequence="5">
          <ControlCode>42</ControlCode>
          <Time>10:11</Time>
        </SplitTime>
        <SplitTime sequence="6">
          <ControlCode>43</ControlCode>
          <Time>10:34</Time>
        </SplitTime>
        <SplitTime sequence="7">
          <ControlCode>46</ControlCode>
          <Time>14:33</Time>
        </SplitTime>
        <SplitTime sequence="8">
          <ControlCode>40</ControlCode>
          <Time>19:17</Time>
        </SplitTime>
        <SplitTime sequence="9">
          <ControlCode>35</ControlCode>
          <Time>24:32</Time>
        </SplitTime>
        <SplitTime sequence="10">
          <ControlCode>100</ControlCode>
          <Time>26:49</Time>
        </SplitTime>
        <SplitTime sequence="11">
          <ControlCode>300</ControlCode>
          <Time>38:28.7</Time>
        </SplitTime>
      </Result>
    </PersonResult>

    <PersonResult>
      <PersonId>212</PersonId>
      <Result>
        <Time>31:42.6</Time>
        <ResultPosition>25</ResultPosition>
        <CompetitorStatus value="OK"/>
        <SplitTime sequence="1">
          <ControlCode>31</ControlCode>
          <Time>2:21</Time>
        </SplitTime>
        <SplitTime sequence="2">
          <ControlCode>33</ControlCode>
          <Time>4:52</Time>
        </SplitTime>
        <SplitTime sequence="3">
          <ControlCode>34</ControlCode>
          <Time>5:23</Time>
        </SplitTime>
        <SplitTime sequence="4">
          <ControlCode>38</ControlCode>
          <Time>8:54</Time>
        </SplitTime>
        <SplitTime sequence="5">
          <ControlCode>42</ControlCode>
          <Time>10:11</Time>
        </SplitTime>
        <SplitTime sequence="6">
          <ControlCode>43</ControlCode>
          <Time>10:34</Time>
        </SplitTime>
        <SplitTime sequence="7">
          <ControlCode>46</ControlCode>
          <Time>15:28</Time>
        </SplitTime>
        <SplitTime sequence="8">
          <ControlCode>40</ControlCode>
          <Time>19:17</Time>
        </SplitTime>
        <SplitTime sequence="9">
          <ControlCode>35</ControlCode>
          <Time>24:32</Time>
        </SplitTime>
        <SplitTime sequence="10">
          <ControlCode>100</ControlCode>
          <Time>26:49</Time>
        </SplitTime>
        <SplitTime sequence="11">
          <ControlCode>300</ControlCode>
          <Time>41:42.6</Time>
        </SplitTime>
      </Result>
    </PersonResult>

    <PersonResult>
      <PersonId>230</PersonId>
      <Result>
        <CompetitorStatus value="Inactive"/>
      </Result>
    </PersonResult>

    <PersonResult>
      <PersonId>213</PersonId>
      <Result>
        <Time>27:40.2</Time>
        <ResultPosition>18</ResultPosition>
        <CompetitorStatus value="OK"/>
        <SplitTime sequence="1">
          <ControlCode>31</ControlCode>
          <Time>2:21</Time>
        </SplitTime>
        <SplitTime sequence="2">
          <ControlCode>33</ControlCode>
          <Time>4:52</Time>
        </SplitTime>
        <SplitTime sequence="3">
          <ControlCode>34</ControlCode>
          <Time>5:23</Time>
        </SplitTime>
        <SplitTime sequence="4">
          <ControlCode>38</ControlCode>
          <Time>8:54</Time>
        </SplitTime>
        <SplitTime sequence="5">
          <ControlCode>42</ControlCode>
          <Time>10:11</Time>
        </SplitTime>
        <SplitTime sequence="6">
          <ControlCode>43</ControlCode>
          <Time>10:34</Time>
        </SplitTime>
        <SplitTime sequence="7">
          <ControlCode>46</ControlCode>
          <Time>15:05</Time>
        </SplitTime>
        <SplitTime sequence="8">
          <ControlCode>40</ControlCode>
          <Time>19:17</Time>
        </SplitTime>
        <SplitTime sequence="9">
          <ControlCode>35</ControlCode>
          <Time>24:32</Time>
        </SplitTime>
        <SplitTime sequence="10">
          <ControlCode>100</ControlCode>
          <Time>26:49</Time>
        </SplitTime>
        <SplitTime sequence="11">
          <ControlCode>300</ControlCode>
          <Time>37:40.2</Time>
        </SplitTime>
      </Result>
    </PersonResult>

    <PersonResult>
      <PersonId>231</PersonId>
      <Result>
        <CompetitorStatus value="Inactive"/>
      </Result>
    </PersonResult>

    <PersonResult>
      <PersonId>214</PersonId>
      <Result>
        <Time>30:15.8</Time>
        <ResultPosition>23</ResultPosition>
        <CompetitorStatus value="OK"/>
        <SplitTime sequence="1">
          <ControlCode>31</ControlCode>
          <Time>2:21</Time>
        </SplitTime>
        <SplitTime sequence="2">
          <ControlCode>33</ControlCode>
          <Time>4:52</Time>
        </SplitTime>
        <SplitTime sequence="3">
          <ControlCode>34</ControlCode>
          <Time>5:23</Time>
        </SplitTime>
        <SplitTime sequence="4">
          <ControlCode>38</ControlCode>
          <Time>8:54</Time>
        </SplitTime>
        <SplitTime sequence="5">
          <ControlCode>42</ControlCode>
          <Time>10:11</Time>
        </SplitTime>
        <SplitTime sequence="6">
          <ControlCode>43</ControlCode>
          <Time>10:34</Time>
        </SplitTime>
        <SplitTime sequence="7">
          <ControlCode>46</ControlCode>
          <Time>14:43</Time>
        </SplitTime>
        <SplitTime sequence="8">
          <ControlCode>40</ControlCode>
          <Time>19:17</Time>
        </SplitTime>
        <SplitTime sequence="9">
          <ControlCode>35</ControlCode>
          <Time>24:32</Time>
        </SplitTime>
        <SplitTime sequence="10">
          <ControlCode>100</ControlCode>
          <Time>26:49</Time>
        </SplitTime>
        <SplitTime sequence="11">
          <ControlCode>300</ControlCode>
          <Time>40:15.8</Time>
        </SplitTime>
      </Result>
    </PersonResult>

    <PersonResult>
      <PersonId>232</PersonId>
      <Result>
        <CompetitorStatus value="Inactive"/>
      </Result>
    </PersonResult>

    <PersonResult>
      <PersonId>215</PersonId>
      <Result>
        <Time>27:40.0</Time>
        <ResultPosition>17</ResultPosition>
        <CompetitorStatus value="OK"/>
        <SplitTime sequence="1">
          <ControlCode>31</ControlCode>
          <Time>2:21</Time>
        </SplitTime>
        <SplitTime sequence="2">
          <ControlCode>33</ControlCode>
          <Time>4:52</Time>
        </SplitTime>
        <SplitTime sequence="3">
          <ControlCode>34</ControlCode>
          <Time>5:23</Time>
        </SplitTime>
        <SplitTime sequence="4">
          <ControlCode>38</ControlCode>
          <Time>8:54</Time>
        </SplitTime>
        <SplitTime sequence="5">
          <ControlCode>42</ControlCode>
          <Time>10:11</Time>
        </SplitTime>
        <SplitTime sequence="6">
          <ControlCode>43</ControlCode>
          <Time>10:34</Time>
        </SplitTime>
        <SplitTime sequence="7">
          <ControlCode>46</ControlCode>
          <Time>14:17</Time>
        </SplitTime>
        <SplitTime sequence="8">
          <ControlCode>40</ControlCode>
          <Time>19:17</Time>
        </SplitTime>
        <SplitTime sequence="9">
          <ControlCode>35</ControlCode>
          <Time>24:32</Time>
        </SplitTime>
        <SplitTime sequence="10">
          <ControlCode>100</ControlCode>
          <Time>26:49</Time>
        </SplitTime>
        <SplitTime sequence="11">
          <ControlCode>300</ControlCode>
          <Time>37:40.0</Time>
        </SplitTime>
      </Result>
    </PersonResult>

    <PersonResult>
      <PersonId>233</PersonId>
      <Result>
        <CompetitorStatus value="Inactive"/>
      </Result>
    </PersonResult>

    <PersonResult>
      <PersonId>216</PersonId>
      <Result>
        <Time>26:44.2</Time>
        <ResultPosition>6</ResultPosition>
        <CompetitorStatus value="OK"/>
        <SplitTime sequence="1">
          <ControlCode>31</ControlCode>
          <Time>2:21</Time>
        </SplitTime>
        <SplitTime sequence="2">
          <ControlCode>33</ControlCode>
          <Time>4:52</Time>
        </SplitTime>
        <SplitTime sequence="3">
          <ControlCode>34</ControlCode>
          <Time>5:23</Time>
        </SplitTime>
        <SplitTime sequence="4">
          <ControlCode>38</ControlCode>
          <Time>8:54</Time>
        </SplitTime>
        <SplitTime sequence="5">
          <ControlCode>42</ControlCode>
          <Time>10:11</Time>
        </SplitTime>
        <SplitTime sequence="6">
          <ControlCode>43</ControlCode>
          <Time>10:34</Time>
        </SplitTime>
        <SplitTime sequence="7">
          <ControlCode>46</ControlCode>
          <Time>13:22</Time>
        </SplitTime>
        <SplitTime sequence="8">
          <ControlCode>40</ControlCode>
          <Time>19:17</Time>
        </SplitTime>
        <SplitTime sequence="9">
          <ControlCode>35</ControlCode>
          <Time>24:32</Time>
        </SplitTime>
        <SplitTime sequence="10">
          <ControlCode>100</ControlCode>
          <Time>26:49</Time>
        </SplitTime>
        <SplitTime sequence="11">
          <ControlCode>300</ControlCode>
          <Time>36:44.2</Time>
        </SplitTime>
      </Result>
    </PersonResult>

    <PersonResult>
      <PersonId>234</PersonId>
      <Result>
        <CompetitorStatus value="Inactive"/>
      </Result>
    </PersonResult>

    <PersonResult>
      <PersonId>217</PersonId>
      <Result>
        <Time>26:45.9</Time>
        <ResultPosition>7</ResultPosition>
        <CompetitorStatus value="OK"/>
        <SplitTime sequence="1">
          <ControlCode>31</ControlCode>
          <Time>2:21</Time>
        </SplitTime>
        <SplitTime sequence="2">
          <ControlCode>33</ControlCode>
          <Time>4:52</Time>
        </SplitTime>
        <SplitTime sequence="3">
          <ControlCode>34</ControlCode>
          <Time>5:23</Time>
        </SplitTime>
        <SplitTime sequence="4">
          <ControlCode>38</ControlCode>
          <Time>8:54</Time>
        </SplitTime>
        <SplitTime sequence="5">
          <ControlCode>42</ControlCode>
          <Time>10:11</Time>
        </SplitTime>
        <SplitTime sequence="6">
          <ControlCode>43</ControlCode>
          <Time>10:34</Time>
        </SplitTime>
        <SplitTime sequence="7">
          <ControlCode>46</ControlCode>
          <Time>13:53</Time>
        </SplitTime>
        <SplitTime sequence="8">
          <ControlCode>40</ControlCode>
          <Time>19:17</Time>
        </SplitTime>
        <SplitTime sequence="9">
          <ControlCode>35</ControlCode>
          <Time>24:32</Time>
        </SplitTime>
        <SplitTime sequence="10">
          <ControlCode>100</ControlCode>
          <Time>26:49</Time>
        </SplitTime>
        <SplitTime sequence="11">
          <ControlCode>300</ControlCode>
          <Time>36:45.9</Time>
        </SplitTime>
      </Result>
    </PersonResult>

    <PersonResult>
      <PersonId>235</PersonId>
      <Result>
        <CompetitorStatus value="Inactive"/>
      </Result>
    </PersonResult>

    <PersonResult>
      <PersonId>218</PersonId>
      <Result>
        <Time>29:16.3</Time>
        <ResultPosition>22</ResultPosition>
        <CompetitorStatus value="OK"/>
        <SplitTime sequence="1">
          <ControlCode>31</ControlCode>
          <Time>2:21</Time>
        </SplitTime>
        <SplitTime sequence="2">
          <ControlCode>33</ControlCode>
          <Time>4:52</Time>
        </SplitTime>
        <SplitTime sequence="3">
          <ControlCode>34</ControlCode>
          <Time>5:23</Time>
        </SplitTime>
        <SplitTime sequence="4">
          <ControlCode>38</ControlCode>
          <Time>8:54</Time>
        </SplitTime>
        <SplitTime sequence="5">
          <ControlCode>42</ControlCode>
          <Time>10:11</Time>
        </SplitTime>
        <SplitTime sequence="6">
          <ControlCode>43</ControlCode>
          <Time>10:34</Time>
        </SplitTime>
        <SplitTime sequence="7">
          <ControlCode>46</ControlCode>
          <Time>14:08</Time>
        </SplitTime>
        <SplitTime sequence="8">
          <ControlCode>40</ControlCode>
          <Time>19:17</Time>
        </SplitTime>
        <SplitTime sequence="9">
          <ControlCode>35</ControlCode>
          <Time>24:32</Time>
        </SplitTime>
        <SplitTime sequence="10">
          <ControlCode>100</ControlCode>
          <Time>26:49</Time>
        </SplitTime>
        <SplitTime sequence="11">
          <ControlCode>300</ControlCode>
          <Time>39:16.3</Time>
        </SplitTime>
      </Result>
    </PersonResult>

    <PersonResult>
      <PersonId>236</PersonId>
      <Result>
        <CompetitorStatus value="Inactive"/>
      </Result>
    </PersonResult>

    <PersonResult>
      <PersonId>219</PersonId>
      <Result>
        <Time>27:31.2</Time>
        <ResultPosition>14</ResultPosition>
        <CompetitorStatus value="OK"/>
        <SplitTime sequence="1">
          <ControlCode>31</ControlCode>
          <Time>2:21</Time>
        </SplitTime>
        <SplitTime sequence="2">
          <ControlCode>33</ControlCode>
          <Time>4:52</Time>
        </SplitTime>
        <SplitTime sequence="3">
          <ControlCode>34</ControlCode>
          <Time>5:23</Time>
        </SplitTime>
        <SplitTime sequence="4">
          <ControlCode>38</ControlCode>
          <Time>8:54</Time>
        </SplitTime>
        <SplitTime sequence="5">
          <ControlCode>42</ControlCode>
          <Time>10:11</Time>
        </SplitTime>
        <SplitTime sequence="6">
          <ControlCode>43</ControlCode>
          <Time>10:34</Time>
        </SplitTime>
        <SplitTime sequence="7">
          <ControlCode>46</ControlCode>
          <Time>12:33</Time>
        </SplitTime>
        <SplitTime sequence="8">
          <ControlCode>40</ControlCode>
          <Time>19:17</Time>
        </SplitTime>
        <SplitTime sequence="9">
          <ControlCode>35</ControlCode>
          <Time>24:32</Time>
        </SplitTime>
        <SplitTime sequence="10">
          <ControlCode>100</ControlCode>
          <Time>26:49</Time>
        </SplitTime>
        <SplitTime sequence="11">
          <ControlCode>300</ControlCode>
          <Time>37:31.2</Time>
        </SplitTime>
      </Result>
    </PersonResult>

    <PersonResult>
      <PersonId>237</PersonId>
      <Result>
        <CompetitorStatus value="Inactive"/>
      </Result>
    </PersonResult>

    <PersonResult>
      <PersonId>238</PersonId>
      <Result>
        <CompetitorStatus value="Inactive"/>
      </Result>
    </PersonResult>

    <PersonResult>
      <PersonId>239</PersonId>
      <Result>
        <CompetitorStatus value="Inactive"/>
      </Result>
    </PersonResult>
  </ClassResult>

</ResultList>
